[
  { "season": 2015, "starts": 19, "wins": 0, "podiums": 2, "poles": 0, "fastestLaps": 0, "points": 49 },
  { "season": 2016, "starts": 21, "wins": 1, "podiums": 7, "poles": 0, "fastestLaps": 0, "points": 204 },
  { "season": 2017, "starts": 20, "wins": 2, "podiums": 4, "poles": 0, "fastestLaps": 2, "points": 168 },
  { "season": 2018, "starts": 21, "wins": 2, "podiums": 11, "poles": 0, "fastestLaps": 2, "points": 249 },
  { "season": 2019, "starts": 21, "wins": 3, "podiums": 9, "poles": 2, "fastestLaps": 3, "points": 278 },
  { "season": 2020, "starts": 17, "wins": 2, "podiums": 11, "poles": 1, "fastestLaps": 3, "points": 214 },
  { "season": 2021, "starts": 22, "wins": 10, "podiums": 18, "poles": 10, "fastestLaps": 6, "points": 395.5, "rank": 1 },
  { "season": 2022, "starts": 22, "wins": 15, "podiums": 17, "poles": 7, "fastestLaps": 5, "points": 454, "rank": 1 },
  { "season": 2023, "starts": 22, "wins": 19, "podiums": 21, "poles": 13, "fastestLaps": 9, "points": 575, "rank": 1 },
  { "season": 2024, "starts": 24, "wins": 9,  "podiums": 18, "poles": 9, "fastestLaps": 6, "points": 437, "rank": 1 },
  { "season": 2025, "starts": 14, "wins": 2,  "podiums": 7,  "poles": 4, "fastestLaps": 2, "points": 187 }
]
